timestamp,voltage,current,appliance,consumption
2025-03-10 01:00:00,228.0303396911927,6.425831674684237,Fridge,1.48
2025-03-10 02:00:00,226.65961121917147,4.790058929475341,Fridge,1.1
2025-03-10 03:00:00,229.41383471337983,6.027999138453884,Fridge,1.39
2025-03-10 04:00:00,233.72784796436108,6.0276538318760675,Fridge,1.39
2025-03-10 05:00:00,232.38883439426186,5.182018907827139,Fridge,1.19
2025-03-10 06:00:00,226.221160457895,15.73505880050704,"AC, Fridge",3.62
2025-03-10 07:00:00,229.02856355829763,6.0105908552810545,Fridge,1.38
2025-03-10 08:00:00,225.63009779918806,18.482628114686193,"Geyser, Fridge",4.25
2025-03-10 09:00:00,229.29867295983087,7.5199230729822215,"Fridge, Computer",1.73
2025-03-10 10:00:00,220.98696262787632,6.900072065024003,Fridge,1.59
2025-03-10 11:00:00,232.55060838083156,6.247846732324608,Fridge,1.44
2025-03-10 12:00:00,219.87520130049577,5.543162745246829,Fridge,1.27
2025-03-10 13:00:00,228.73567175158874,10.575321298564674,"Fridge, Washing Machine",2.43
2025-03-10 14:00:00,238.87059909861452,7.214970833059963,Fridge,1.66
2025-03-10 15:00:00,226.7191999280838,6.137395006470773,Fridge,1.41
2025-03-10 16:00:00,237.59512653519232,5.809476334592829,Fridge,1.34
2025-03-10 17:00:00,226.0362032414332,6.2156614043688645,Fridge,1.43
2025-03-10 18:00:00,229.08571497092248,17.543090931707173,"Fridge, TV, Oven",4.03
2025-03-10 19:00:00,230.2512492128445,16.366683339533232,"Fridge, TV, Oven",3.76
2025-03-10 20:00:00,234.2593312099705,25.299678008438836,"AC, Fridge, Oven",5.82
2025-03-10 21:00:00,236.42223703395285,23.938901660496867,"AC, Fridge, TV",5.51
2025-03-10 22:00:00,225.95586679362498,13.153313651547201,"Fridge, Oven",3.03
2025-03-10 23:00:00,222.56727481722297,7.563407294090526,Fridge,1.74
2025-03-11 00:00:00,228.0833477812405,6.07125740604923,Fridge,1.4
2025-03-11 01:00:00,234.86586006226838,5.59123749389919,Fridge,1.29
2025-03-11 02:00:00,228.7984837066437,6.006100240003908,Fridge,1.38
2025-03-11 03:00:00,226.989603056618,6.299017555713222,Fridge,1.45
2025-03-11 04:00:00,234.62298576736973,7.5508165367321665,Fridge,1.74
2025-03-11 05:00:00,229.97115893702465,5.390373575314098,Fridge,1.24
2025-03-11 06:00:00,224.76085669176805,16.60734575594043,"AC, Fridge",3.82
2025-03-11 07:00:00,235.46697675441507,5.895520141839772,Fridge,1.36
2025-03-11 08:00:00,228.27318852838113,20.405753790351813,"Geyser, Fridge, Computer",4.69
2025-03-11 09:00:00,227.49871348829782,19.522505930344916,"Geyser, Fridge",4.49
2025-03-11 10:00:00,237.09538962296074,6.116825241831014,Fridge,1.41
2025-03-11 11:00:00,221.32438553012005,6.66566732455266,Fridge,1.53
2025-03-11 12:00:00,229.87923648401974,5.4657789901097384,Fridge,1.26
2025-03-11 13:00:00,231.93330901029995,6.351890053328851,Fridge,1.46
2025-03-11 14:00:00,228.99957026381844,6.611347076880425,Fridge,1.52
2025-03-11 15:00:00,236.99598210250804,6.452444528871303,Fridge,1.48
2025-03-11 16:00:00,228.1269643032695,7.224051689612785,Fridge,1.66
2025-03-11 17:00:00,223.67868702574117,5.623286240443498,Fridge,1.29
2025-03-11 18:00:00,231.26575416395755,32.66649451975965,"AC, Fridge, TV, Computer, Oven",7.51
2025-03-11 19:00:00,230.225232549007,25.529377665166496,"AC, Fridge, Oven",5.87
2025-03-11 20:00:00,219.4839256280217,17.059345059585517,"Fridge, TV, Oven",3.92
2025-03-11 21:00:00,226.05900335978205,25.91526314449383,"AC, Fridge, Oven",5.96
2025-03-11 22:00:00,234.45389930937358,10.275132004788643,"Fridge, TV",2.36
2025-03-11 23:00:00,232.1909978129365,5.720077230782536,Fridge,1.32
2025-03-12 00:00:00,224.10419779323428,7.137727917690683,Fridge,1.64
2025-03-12 01:00:00,235.67441234599576,6.156729293879142,Fridge,1.42
2025-03-12 02:00:00,230.27212549444454,7.598913610465947,Fridge,1.75
2025-03-12 03:00:00,232.01513624079578,6.244883762046444,Fridge,1.44
2025-03-12 04:00:00,235.15456307132666,6.635263299566238,Fridge,1.53
2025-03-12 05:00:00,229.5349834949867,6.0617614936522735,Fridge,1.39
2025-03-12 06:00:00,227.5022351710437,20.444350256510422,"Geyser, Fridge, Computer",4.7
2025-03-12 07:00:00,225.86151974393917,19.279718192296514,"Geyser, Fridge",4.43
2025-03-12 08:00:00,222.0693989878452,16.109746041533338,"AC, Fridge",3.71
2025-03-12 09:00:00,233.3068089651734,18.895496517983783,"Geyser, Fridge",4.35
2025-03-12 10:00:00,223.09988126520685,7.223335572894432,Fridge,1.66
2025-03-12 11:00:00,234.71275803002047,6.037941604453814,Fridge,1.39
2025-03-12 12:00:00,234.87840874836843,7.177477466625274,Fridge,1.65
2025-03-12 13:00:00,237.85759293137787,4.947158439374554,Fridge,1.14
2025-03-12 14:00:00,235.8189221506671,11.962227043548056,"Fridge, Washing Machine",2.75
2025-03-12 15:00:00,227.44716080297476,10.361056770842847,"Fridge, Washing Machine",2.38
2025-03-12 16:00:00,227.0187899468131,7.63014277470779,Fridge,1.75
2025-03-12 17:00:00,235.58046280158734,5.4736647200916515,Fridge,1.26
2025-03-12 18:00:00,231.59367805371744,19.54332743559573,"Fridge, TV, Computer, Oven",4.49
2025-03-12 19:00:00,225.6938361432134,11.449883268916345,"Fridge, TV",2.63
2025-03-12 20:00:00,218.5238303397925,9.425227431026189,"Fridge, TV",2.17
2025-03-12 21:00:00,230.084531619693,10.016716682700118,"Fridge, TV",2.3
2025-03-12 22:00:00,236.1411202356316,13.019480825652906,"Fridge, TV, Computer",2.99
2025-03-12 23:00:00,230.63176704544102,7.342509133057968,Fridge,1.69
2025-03-13 00:00:00,235.39863751457568,5.19597633275692,Fridge,1.2
2025-03-13 01:00:00,237.12129753623964,5.990555625862558,Fridge,1.38
2025-03-13 02:00:00,230.87180742128936,6.421072288335034,Fridge,1.48
2025-03-13 03:00:00,232.12059337818698,6.440852322701952,Fridge,1.48
2025-03-13 04:00:00,227.13093630884248,6.800682136981527,Fridge,1.56
2025-03-13 05:00:00,228.5133102664316,5.785843421697675,Fridge,1.33
2025-03-13 06:00:00,229.52847689183997,18.983475433133552,"Geyser, Fridge",4.37
2025-03-13 07:00:00,230.8952990131098,7.649448162171454,"Fridge, TV",1.76
2025-03-13 08:00:00,231.49770529590555,5.51250677338195,Fridge,1.27
2025-03-13 09:00:00,231.96573792910618,18.831475060417702,"Geyser, Fridge, TV",4.33
2025-03-13 10:00:00,234.9065147515442,10.358258665577448,"Fridge, Washing Machine",2.38
2025-03-13 11:00:00,225.82234475472282,6.540860847678832,Fridge,1.5
2025-03-13 12:00:00,238.46229498337033,4.646336744150492,Fridge,1.07
2025-03-13 13:00:00,238.88106359095292,6.908174157156081,Fridge,1.59
2025-03-13 14:00:00,235.6096468649265,6.351784946173953,Fridge,1.46
2025-03-13 15:00:00,227.93304329464357,6.549961581433046,Fridge,1.51
2025-03-13 16:00:00,237.30110446623803,11.508329880318234,"Fridge, Washing Machine",2.65
2025-03-13 17:00:00,234.7432199353693,6.530147820900907,Fridge,1.5
2025-03-13 18:00:00,225.69603997622602,13.763809781667188,"Fridge, Oven",3.17
2025-03-13 19:00:00,228.42419712504216,14.575219154277336,"Fridge, Computer, Oven",3.35
2025-03-13 20:00:00,230.5345454392619,18.80620513303576,"Fridge, TV, Oven",4.33
2025-03-13 21:00:00,227.80983953604903,12.125444497487852,"Fridge, Oven",2.79
2025-03-13 22:00:00,232.4772849704146,13.301995712353639,"Fridge, Oven",3.06
2025-03-13 23:00:00,231.40311238449405,6.685343618714262,Fridge,1.54
2025-03-14 00:00:00,223.95699763729598,6.848547591031325,Fridge,1.58
2025-03-14 01:00:00,228.66929529199348,6.97413540638561,Fridge,1.6
2025-03-14 02:00:00,229.1025019772641,6.790567962207267,Fridge,1.56
2025-03-14 03:00:00,237.5909349456705,6.41817632437706,Fridge,1.48
2025-03-14 04:00:00,231.48470362543497,5.685051462699211,Fridge,1.31
2025-03-14 05:00:00,233.92312673658196,6.795081338844365,Fridge,1.56
2025-03-14 06:00:00,232.3893954576359,18.484472335636653,"Geyser, Fridge",4.25
2025-03-14 07:00:00,236.50081559080115,19.183295016381766,"Geyser, Fridge, TV",4.41
2025-03-14 08:00:00,233.09899112901147,18.359793614780504,"Geyser, Fridge",4.22
2025-03-14 09:00:00,232.61068468818917,30.250608690772673,"AC, Geyser, Fridge, TV",6.96
2025-03-14 10:00:00,229.56973435878206,6.658591295561926,Fridge,1.53
2025-03-14 11:00:00,237.08011028006663,4.686429461102246,Fridge,1.08
2025-03-14 12:00:00,237.17148632616076,4.886969231272875,Fridge,1.12
2025-03-14 13:00:00,225.03279911309014,7.15453880456365,Fridge,1.65
2025-03-14 14:00:00,226.37216147283306,6.2056707916587674,Fridge,1.43
2025-03-14 15:00:00,223.54740659765594,5.4235181870166365,Fridge,1.25
2025-03-14 16:00:00,232.14708407511978,6.705625933201178,Fridge,1.54
2025-03-14 17:00:00,233.3455964405241,10.050278270592397,"Fridge, Washing Machine",2.31
2025-03-14 18:00:00,219.48498451702795,25.5120243583351,"AC, Fridge, Oven",5.87
2025-03-14 19:00:00,232.4486267244544,5.206060512361159,Fridge,1.2
2025-03-14 20:00:00,227.40459294864155,16.46382842786103,"Fridge, TV, Oven",3.79
2025-03-14 21:00:00,226.35739279368136,10.104391186019429,"Fridge, TV",2.32
2025-03-14 22:00:00,224.15417537347378,5.222595894486771,Fridge,1.2
2025-03-14 23:00:00,229.22374955078087,6.062509957300339,Fridge,1.39
2025-03-15 00:00:00,231.29256295111978,7.620478304671825,Fridge,1.75
2025-03-15 01:00:00,240.12518116582595,5.876344211773085,Fridge,1.35
2025-03-15 02:00:00,234.87806632647047,6.711550662923834,Fridge,1.54
2025-03-15 03:00:00,225.97212757894096,5.638657550092789,Fridge,1.3
2025-03-15 04:00:00,225.4305836955411,5.937324141931657,Fridge,1.37
2025-03-15 05:00:00,239.3039436652474,7.419894931778172,Fridge,1.71
2025-03-15 06:00:00,229.46624676580467,19.923733846915773,"Geyser, Fridge, TV",4.58
2025-03-15 07:00:00,230.84395139110816,5.568970612718726,Fridge,1.28
2025-03-15 08:00:00,230.30509036304494,6.640978396750603,"Fridge, TV",1.53
2025-03-15 09:00:00,224.5635979605125,19.020525818593477,"AC, Fridge, TV",4.37
2025-03-15 10:00:00,230.65084165216626,6.716927267530543,Fridge,1.54
2025-03-15 11:00:00,229.50234194704572,5.247637850423932,Fridge,1.21
2025-03-15 12:00:00,233.17372115113596,6.495872355567826,Fridge,1.49
2025-03-15 13:00:00,235.486649856122,10.988968699847128,"Fridge, Washing Machine",2.53
2025-03-15 14:00:00,228.88894002056907,6.806398329142296,Fridge,1.57
2025-03-15 15:00:00,227.43880107094577,12.09553477151263,"Fridge, Washing Machine",2.78
2025-03-15 16:00:00,225.69634965865515,6.1841999880980545,Fridge,1.42
2025-03-15 17:00:00,230.12719828441703,5.031369354836476,Fridge,1.16
2025-03-15 18:00:00,221.96691082524814,17.797914581999965,"Fridge, TV, Oven",4.09
2025-03-15 19:00:00,226.8934461568369,33.41839392522183,"AC, Fridge, TV, Computer, Oven",7.69
2025-03-15 20:00:00,229.20359480640448,10.433784827498148,"Fridge, TV",2.4
2025-03-15 21:00:00,229.04715971898491,24.6302113374502,"AC, Fridge, TV, Computer",5.66
2025-03-15 22:00:00,231.2916358132568,17.642984367595776,"Fridge, TV, Oven",4.06
2025-03-15 23:00:00,227.51049624670065,6.766317717918367,Fridge,1.56
2025-03-16 00:00:00,228.45300025663775,6.314309899766377,Fridge,1.45
2025-03-16 01:00:00,229.77458998418405,5.726973688052713,Fridge,1.32
2025-03-16 02:00:00,231.35181171384153,6.467351422421167,Fridge,1.49
2025-03-16 03:00:00,229.7990350984896,7.576667349930155,Fridge,1.74
2025-03-16 04:00:00,226.05721355121912,7.133670718396176,Fridge,1.64
2025-03-16 05:00:00,227.81638789573807,6.767344859080691,Fridge,1.56
2025-03-16 06:00:00,244.38636727252737,18.089619128892732,"AC, Fridge, TV",4.16
2025-03-16 07:00:00,235.9644572788054,7.344542106230243,Fridge,1.69
2025-03-16 08:00:00,220.1069068046291,6.993019985292565,Fridge,1.61
2025-03-16 09:00:00,227.49759564708233,30.272949804095674,"AC, Geyser, Fridge",6.96
2025-03-16 10:00:00,227.51550661216575,6.944584095693687,Fridge,1.6
2025-03-16 11:00:00,233.0972333589534,6.196106969243622,Fridge,1.43
2025-03-16 12:00:00,229.27130384491426,6.029826829289793,Fridge,1.39
2025-03-16 13:00:00,226.42865979229592,6.892294969173694,Fridge,1.59
2025-03-16 14:00:00,226.30424324335937,6.646120624083264,Fridge,1.53
2025-03-16 15:00:00,228.62103428261284,5.667556265153965,Fridge,1.3
2025-03-16 16:00:00,231.37557589203576,7.273614672427094,Fridge,1.67
2025-03-16 17:00:00,225.9196112507031,6.210342181091136,Fridge,1.43
2025-03-16 18:00:00,220.7005514229326,9.576605604928815,"Fridge, TV",2.2
2025-03-16 19:00:00,225.71066696205955,19.343264545557265,"AC, Fridge",4.45
2025-03-16 20:00:00,236.05080713638594,10.51566153353233,"Fridge, TV",2.42
2025-03-16 21:00:00,229.24942873028678,11.80718444187512,"Fridge, TV",2.72
2025-03-16 22:00:00,221.66550638844456,21.582212720521166,"AC, Fridge, Computer",4.96
2025-03-16 23:00:00,233.71943599987986,6.131355991165892,Fridge,1.41
2025-03-17 00:00:00,229.57063122131134,5.538472454841207,Fridge,1.27
2025-03-17 01:00:00,233.9473233817753,7.375553897169916,Fridge,1.7
2025-03-17 02:00:00,222.4883856145228,5.442191842697431,Fridge,1.25
2025-03-17 03:00:00,242.05623039305192,7.340939890560242,Fridge,1.69
2025-03-17 04:00:00,225.74266238944924,5.446362551281097,Fridge,1.25
2025-03-17 05:00:00,229.97545704392255,6.862423899779307,Fridge,1.58
2025-03-17 06:00:00,225.83042550887407,29.708477695221223,"AC, Geyser, Fridge",6.83
2025-03-17 07:00:00,237.84438621580608,6.244876482386126,Fridge,1.44
2025-03-17 08:00:00,234.54217440085884,7.148342599077779,Fridge,1.64
2025-03-17 09:00:00,231.1621745716807,7.4885117347088785,Fridge,1.72
2025-03-17 10:00:00,232.28767162329373,5.65406144467549,Fridge,1.3
2025-03-17 11:00:00,223.21964205124306,6.6067789052613755,Fridge,1.52
2025-03-17 12:00:00,230.1588181888849,6.616543939659787,Fridge,1.52
2025-03-17 13:00:00,229.73510240284259,6.807571758994848,Fridge,1.57
2025-03-17 14:00:00,235.2125976087452,5.866128083319047,Fridge,1.35
2025-03-17 15:00:00,231.73686669536937,6.921357310429077,Fridge,1.59
2025-03-17 16:00:00,229.93084833633688,6.822314387043927,Fridge,1.57
2025-03-17 17:00:00,231.73099548576232,5.535736500686958,Fridge,1.27
2025-03-17 18:00:00,227.00359032694365,16.98629314041567,"Fridge, TV, Oven",3.91
2025-03-17 19:00:00,237.50504998194165,22.351899759944764,"AC, Fridge, Computer",5.14
2025-03-17 20:00:00,229.1844887512874,25.112371859465142,"AC, Fridge, TV, Computer",5.78
2025-03-17 21:00:00,228.54143695055413,29.60662557903437,"AC, Fridge, TV, Oven",6.81
2025-03-17 22:00:00,237.21230718925528,12.663022114345027,"Fridge, Oven",2.91
2025-03-17 23:00:00,230.67117063202767,5.323531258260468,Fridge,1.22
2025-03-18 00:00:00,233.54233481877532,5.7319814573283985,Fridge,1.32
2025-03-18 01:00:00,240.20334106136897,6.664351853605328,Fridge,1.53
2025-03-18 02:00:00,224.79590642541982,5.565615069770719,Fridge,1.28
2025-03-18 03:00:00,233.6253081022324,6.55990886403698,Fridge,1.51
2025-03-18 04:00:00,222.9731395622146,6.90405109860924,Fridge,1.59
2025-03-18 05:00:00,230.87797580888108,4.701784782114864,Fridge,1.08
2025-03-18 06:00:00,228.82258581148224,16.86298487113657,"AC, Fridge",3.88
2025-03-18 07:00:00,229.67894247322417,19.59835478543117,"Geyser, Fridge, Computer",4.51
2025-03-18 08:00:00,228.93052573667842,16.715941733733192,"AC, Fridge",3.84
2025-03-18 09:00:00,230.39064410779642,19.63064550211656,"Geyser, Fridge",4.52
2025-03-18 10:00:00,226.18908190434595,6.004337611984461,Fridge,1.38
2025-03-18 11:00:00,234.87313807730587,7.2220763321759005,Fridge,1.66
2025-03-18 12:00:00,236.9445450544413,7.590737197283841,Fridge,1.75
2025-03-18 13:00:00,230.83286129777676,7.138957263785656,Fridge,1.64
2025-03-18 14:00:00,219.2605892784957,7.149778488617124,Fridge,1.64
2025-03-18 15:00:00,226.62290425669576,7.098686584625667,Fridge,1.63
2025-03-18 16:00:00,226.92186127358048,5.864817862107171,Fridge,1.35
2025-03-18 17:00:00,245.7735215131538,7.426106966166806,Fridge,1.71
2025-03-18 18:00:00,228.03241158114338,9.629724409055527,"Fridge, TV",2.21
2025-03-18 19:00:00,234.9833210136231,9.661205100190047,"Fridge, Computer",2.22
2025-03-18 20:00:00,231.1669586842974,10.318151034604114,"Fridge, TV",2.37
2025-03-18 21:00:00,229.02845651165325,6.012849091118984,Fridge,1.38
2025-03-18 22:00:00,229.65123042765498,10.730975367991121,"Fridge, TV",2.47
2025-03-18 23:00:00,230.78287651166215,6.709670119806896,Fridge,1.54
2025-03-19 00:00:00,236.40769705533307,5.7354315567734275,Fridge,1.32
2025-03-19 01:00:00,227.03380951676226,5.608502265500564,Fridge,1.29
2025-03-19 02:00:00,226.28598422513463,7.454685995394189,Fridge,1.71
2025-03-19 03:00:00,227.18676681892558,4.885478972356563,Fridge,1.12
2025-03-19 04:00:00,214.9197402807078,6.337214520864659,Fridge,1.46
2025-03-19 05:00:00,230.47550979582792,7.7687912751831085,Fridge,1.79
2025-03-19 06:00:00,239.25217068214042,18.668743785924363,"Geyser, Fridge, Computer",4.29
2025-03-19 07:00:00,236.4257702089625,6.696580156627123,"Fridge, TV, Computer",1.54
2025-03-19 08:00:00,224.82443372020418,18.560907862493355,"Geyser, Fridge",4.27
2025-03-19 09:00:00,235.58309891458558,7.098910004175028,"Fridge, TV",1.63
2025-03-19 10:00:00,227.64501173621326,7.012987936214496,Fridge,1.61
2025-03-19 11:00:00,233.4492986736802,6.003642805409915,Fridge,1.38
2025-03-19 12:00:00,230.13994156175792,7.495565614435953,Fridge,1.72
2025-03-19 13:00:00,231.70934241433872,6.3267871820783865,Fridge,1.46
2025-03-19 14:00:00,216.51401279778656,7.026537725022652,Fridge,1.62
2025-03-19 15:00:00,234.35847487581708,5.4605385615116235,Fridge,1.26
2025-03-19 16:00:00,231.327179508585,6.02624198514076,Fridge,1.39
2025-03-19 17:00:00,236.14026932133768,6.382100847397282,Fridge,1.47
2025-03-19 18:00:00,238.08271082103633,19.928843599950305,"AC, Fridge",4.58
2025-03-19 19:00:00,229.1327809414195,5.269878408875078,Fridge,1.21
2025-03-19 20:00:00,220.0539468424726,12.1441526093488,"Fridge, Oven",2.79
2025-03-19 21:00:00,226.26302552389038,15.42035857215224,"Fridge, Computer, Oven",3.55
2025-03-19 22:00:00,235.52814245319354,12.18470330737793,"Fridge, TV, Computer",2.8
2025-03-19 23:00:00,231.13557773820557,5.08283660716299,Fridge,1.17
2025-03-20 00:00:00,236.11146766888248,6.367701999344973,Fridge,1.46
2025-03-20 01:00:00,237.76487687332266,6.654875155984582,Fridge,1.53
2025-03-20 02:00:00,225.88109080636698,6.7144449995496815,Fridge,1.54
2025-03-20 03:00:00,229.6949544833295,6.049089151766889,Fridge,1.39
2025-03-20 04:00:00,235.10941001987783,5.789047553081427,Fridge,1.33
2025-03-20 05:00:00,238.33450782532944,7.21481218396478,Fridge,1.66
2025-03-20 06:00:00,219.66018730383078,18.79147090875391,"Geyser, Fridge",4.32
2025-03-20 07:00:00,234.5170052999378,18.568672345528796,"Geyser, Fridge",4.27
2025-03-20 08:00:00,235.27781102978028,20.14643245981408,"Geyser, Fridge",4.63
2025-03-20 09:00:00,235.02979376048535,6.750560524421861,Fridge,1.55
2025-03-20 10:00:00,224.0672512483246,6.433662503443469,Fridge,1.48
2025-03-20 11:00:00,232.0456650690419,6.635009945265601,Fridge,1.53
2025-03-20 12:00:00,236.9247061760543,5.760304720070602,Fridge,1.32
2025-03-20 13:00:00,233.52951123618655,5.484739743495166,Fridge,1.26
2025-03-20 14:00:00,229.62355301072967,5.784745776799517,Fridge,1.33
2025-03-20 15:00:00,229.85271224907197,6.7293424769416506,Fridge,1.55
2025-03-20 16:00:00,238.6776871731168,11.48229568762828,"Fridge, Washing Machine",2.64
2025-03-20 17:00:00,226.8211601977405,5.2413850072517505,Fridge,1.21
2025-03-20 18:00:00,223.82161011059625,7.6881876523026556,"Fridge, Computer",1.77
2025-03-20 19:00:00,220.4429150776774,24.112086457745264,"AC, Fridge, TV",5.55
2025-03-20 20:00:00,228.33045461009053,11.507186076665091,"Fridge, Oven",2.65
2025-03-20 21:00:00,223.1181680788875,12.954059469378832,"Fridge, TV, Computer",2.98
2025-03-20 22:00:00,235.86112401137927,22.619677151333523,"AC, Fridge, TV",5.2
2025-03-20 23:00:00,228.85263639289698,5.903351995070739,Fridge,1.36
2025-03-21 00:00:00,228.88286189683402,6.702298136206146,Fridge,1.54
2025-03-21 01:00:00,229.1888787234526,6.418398249167563,Fridge,1.48
2025-03-21 02:00:00,228.89567578399357,7.171213112603726,Fridge,1.65
2025-03-21 03:00:00,224.40896034258535,6.147664244111862,Fridge,1.41
2025-03-21 04:00:00,232.1803321806023,5.730150378265682,Fridge,1.32
2025-03-21 05:00:00,239.30392865573737,5.504950521751754,Fridge,1.27
2025-03-21 06:00:00,225.0934035044416,19.594085365879156,"Geyser, Fridge",4.51
2025-03-21 07:00:00,233.294457172982,19.48701589333594,"Geyser, Fridge",4.48
2025-03-21 08:00:00,236.1949929924755,30.541590022639877,"AC, Geyser, Fridge, TV",7.02
2025-03-21 09:00:00,232.50696699504917,31.058547726630668,"AC, Geyser, Fridge",7.14
2025-03-21 10:00:00,224.22515246002465,6.215418692065923,Fridge,1.43
2025-03-21 11:00:00,230.02295086081088,6.301996458920768,Fridge,1.45
2025-03-21 12:00:00,225.54209183026887,6.62836423082974,Fridge,1.52
2025-03-21 13:00:00,231.20367500354556,5.872151472434109,Fridge,1.35
2025-03-21 14:00:00,233.48061872921525,9.823507304618344,"Fridge, Washing Machine",2.26
2025-03-21 15:00:00,225.70009640390188,6.500511685559762,Fridge,1.5
2025-03-21 16:00:00,226.5513973470245,7.311140139213331,Fridge,1.68
2025-03-21 17:00:00,223.9528878740684,5.5302227449485075,Fridge,1.27
2025-03-21 18:00:00,227.34477036120848,26.95931250751994,"AC, Fridge, Oven",6.2
2025-03-21 19:00:00,232.05424090733797,5.2916788967290005,Fridge,1.22
2025-03-21 20:00:00,237.6298572929868,5.456952010513775,Fridge,1.26
2025-03-21 21:00:00,224.65302847079164,17.91447124079606,"Fridge, TV, Oven",4.12
2025-03-21 22:00:00,227.88735377425778,12.194437376059703,"Fridge, Oven",2.8
2025-03-21 23:00:00,231.98439435373484,7.057695447571511,Fridge,1.62
2025-03-22 00:00:00,227.0249532359611,4.755752785968873,Fridge,1.09
2025-03-22 01:00:00,235.30961962876702,7.046154832851428,Fridge,1.62
2025-03-22 02:00:00,230.47486339172664,7.21671231830994,Fridge,1.66
2025-03-22 03:00:00,223.01949736918303,6.472246698598488,Fridge,1.49
2025-03-22 04:00:00,234.8601819178802,7.253119500660833,Fridge,1.67
2025-03-22 05:00:00,232.62575425009433,7.321489512343562,Fridge,1.68
2025-03-22 06:00:00,229.11132012217314,6.041700486221083,Fridge,1.39
2025-03-22 07:00:00,237.45722107693285,6.055149840208355,Fridge,1.39
2025-03-22 08:00:00,234.8028085209839,16.12315776819541,"AC, Fridge",3.71
2025-03-22 09:00:00,226.0513076047169,7.127412609135711,Fridge,1.64
2025-03-22 10:00:00,225.35477691114608,6.253079808208946,Fridge,1.44
2025-03-22 11:00:00,230.3779726412382,7.870881728833352,Fridge,1.81
2025-03-22 12:00:00,232.1194145597908,5.9428952078900155,Fridge,1.37
2025-03-22 13:00:00,222.22686121378246,6.502257693407497,Fridge,1.5
2025-03-22 14:00:00,234.05404126614533,11.423979688754368,"Fridge, Washing Machine",2.63
2025-03-22 15:00:00,232.3394467133753,5.84382827834958,Fridge,1.34
2025-03-22 16:00:00,224.0736085564722,7.63799740757018,Fridge,1.76
2025-03-22 17:00:00,235.61296264617835,5.743376115106126,Fridge,1.32
2025-03-22 18:00:00,233.71809913484879,6.640066581348932,Fridge,1.53
2025-03-22 19:00:00,237.63838124149214,11.506587738922283,"Fridge, TV",2.65
2025-03-22 20:00:00,230.3803520747686,20.717652031056996,"AC, Fridge, Computer",4.77
2025-03-22 21:00:00,225.26621857985162,12.88116078672146,"Fridge, TV, Computer",2.96
2025-03-22 22:00:00,226.42941481538742,25.209431420654006,"AC, Fridge, Oven",5.8
2025-03-22 23:00:00,230.29577670256245,5.8051249170065775,Fridge,1.34
2025-03-23 00:00:00,230.295346420521,6.487526216322335,Fridge,1.49
2025-03-23 01:00:00,230.27166038296684,6.470925007698317,Fridge,1.49
2025-03-23 02:00:00,239.78058923892203,5.356683087364917,Fridge,1.23
2025-03-23 03:00:00,223.53547722148613,6.322839983834938,Fridge,1.45
2025-03-23 04:00:00,225.75623727509205,6.725099707915374,Fridge,1.55
2025-03-23 05:00:00,227.45546147193443,5.791666506731682,Fridge,1.33
2025-03-23 06:00:00,234.41863194293757,31.109792047345557,"AC, Geyser, Fridge, TV",7.16
2025-03-23 07:00:00,231.89578754614482,6.776460425107608,"Fridge, TV",1.56
2025-03-23 08:00:00,228.75075403493273,18.818940321967276,"Geyser, Fridge",4.33
2025-03-23 09:00:00,226.14738792171582,7.9995824239606215,"Fridge, TV",1.84
2025-03-23 10:00:00,229.59737676765036,6.302344561817887,Fridge,1.45
2025-03-23 11:00:00,228.70274541614071,6.572393691374373,Fridge,1.51
2025-03-23 12:00:00,236.99960920699627,6.077726641836347,Fridge,1.4
2025-03-23 13:00:00,235.77041871155586,11.894550159320803,"Fridge, Washing Machine",2.74
2025-03-23 14:00:00,226.981334857245,6.160954557756046,Fridge,1.42
2025-03-23 15:00:00,228.45826831613041,9.966758030289297,"Fridge, Washing Machine",2.29
2025-03-23 16:00:00,219.44870325512338,7.4218201781821955,Fridge,1.71
2025-03-23 17:00:00,232.27454535497077,5.202099663513001,Fridge,1.2
2025-03-23 18:00:00,227.47738155489535,11.317160766435665,"Fridge, TV",2.6
2025-03-23 19:00:00,227.28148268154837,15.736091547774153,"Fridge, TV, Oven",3.62
2025-03-23 20:00:00,226.40008575940521,25.210144142318967,"AC, Fridge, Oven",5.8
2025-03-23 21:00:00,225.62914249501955,5.230567559687112,Fridge,1.2
2025-03-23 22:00:00,235.16192825416567,12.678316831776069,"Fridge, Oven",2.92
2025-03-23 23:00:00,220.78059062008788,6.844580873513847,Fridge,1.57
2025-03-24 00:00:00,228.50299882728544,4.926758650425271,Fridge,1.13
2025-03-24 01:00:00,236.68730200450133,5.366854522213214,Fridge,1.23
2025-03-24 02:00:00,228.92984121318688,6.335869282998122,Fridge,1.46
2025-03-24 03:00:00,223.29293367423276,6.988989014588104,Fridge,1.61
2025-03-24 04:00:00,230.7306151908267,4.7423904362446345,Fridge,1.09
2025-03-24 05:00:00,228.27323436032407,7.1566722693039955,Fridge,1.65
2025-03-24 06:00:00,236.3271277543897,8.328305804504295,"Fridge, TV",1.92
2025-03-24 07:00:00,223.27242374090972,18.910257400313476,"Geyser, Fridge",4.35
2025-03-24 08:00:00,227.42120011721025,4.844815171760888,Fridge,1.11
2025-03-24 09:00:00,229.03836299194717,5.55264500192103,Fridge,1.28
2025-03-24 10:00:00,233.536935742293,6.98884464111845,Fridge,1.61
2025-03-24 11:00:00,226.18433105791578,5.191871365547158,Fridge,1.19
2025-03-24 12:00:00,231.01970594771697,6.686034792856531,Fridge,1.54
2025-03-24 13:00:00,229.19593280060158,5.1482865100279875,Fridge,1.18
2025-03-24 14:00:00,235.31703159213492,6.780736295808486,Fridge,1.56
2025-03-24 15:00:00,232.71865616389715,6.948047951996466,Fridge,1.6
2025-03-24 16:00:00,230.38328019606632,5.963378270131471,Fridge,1.37
2025-03-24 17:00:00,229.22523467085924,5.515230499805259,Fridge,1.27
2025-03-24 18:00:00,227.99007918832203,6.373105321282686,Fridge,1.47
2025-03-24 19:00:00,225.21481523360166,14.012219543308486,"Fridge, Computer, Oven",3.22
2025-03-24 20:00:00,229.9409220111649,20.137545122387472,"Fridge, TV, Computer, Oven",4.63
2025-03-24 21:00:00,228.47298131231673,9.20608034879173,"Fridge, TV",2.12
2025-03-24 22:00:00,229.89871728441221,13.928456271196065,"Fridge, TV, Computer",3.2
2025-03-24 23:00:00,227.2239049547916,7.822158912209076,Fridge,1.8
2025-03-25 00:00:00,227.5807798506175,7.035459956323397,Fridge,1.62
2025-03-25 01:00:00,230.69219698294953,6.240545715647382,Fridge,1.44
2025-03-25 02:00:00,229.24992015464338,4.862044633084215,Fridge,1.12
2025-03-25 03:00:00,229.6677320535444,6.010523053995691,Fridge,1.38
2025-03-25 04:00:00,237.6756319287569,5.523021475303538,Fridge,1.27
2025-03-25 05:00:00,231.49573742406014,6.115797702669121,Fridge,1.41
2025-03-25 06:00:00,222.61816448911358,4.880741706177677,Fridge,1.12
2025-03-25 07:00:00,232.94387769811576,7.602752353671512,"Fridge, TV",1.75
2025-03-25 08:00:00,232.00837213815174,5.214927446891016,Fridge,1.2
2025-03-25 09:00:00,224.92951214452629,30.965751934558654,"AC, Geyser, Fridge, Computer",7.12
2025-03-25 10:00:00,232.04350456845393,4.915135172899746,Fridge,1.13
2025-03-25 11:00:00,232.3854591020174,4.81930471336937,Fridge,1.11
2025-03-25 12:00:00,229.18630209041262,10.44539606006132,"Fridge, Washing Machine",2.4
2025-03-25 13:00:00,227.41489858103637,5.970741495980851,Fridge,1.37
2025-03-25 14:00:00,228.66956298380623,7.21241985282274,Fridge,1.66
2025-03-25 15:00:00,231.85767474495447,11.581469824526819,"Fridge, Washing Machine",2.66
2025-03-25 16:00:00,233.14281098976943,5.876660437664575,Fridge,1.35
2025-03-25 17:00:00,238.5974840583086,6.5689172196744074,Fridge,1.51
2025-03-25 18:00:00,235.8460180746125,12.81998250861211,"Fridge, TV, Computer",2.95
2025-03-25 19:00:00,229.86013656301876,23.434310956943616,"AC, Fridge, TV",5.39
2025-03-25 20:00:00,234.1199876999412,6.146833022319248,Fridge,1.41
2025-03-25 21:00:00,235.01618982682,7.3721540204973,"Fridge, Computer",1.7
2025-03-25 22:00:00,231.61553819035836,13.691777127586006,"Fridge, TV, Computer",3.15
2025-03-25 23:00:00,228.6565721430412,6.679726941329567,Fridge,1.54
2025-03-26 00:00:00,228.08364839240102,5.426877671666713,Fridge,1.25
2025-03-26 01:00:00,236.1056060858431,6.3733149236854665,Fridge,1.47
2025-03-26 02:00:00,234.21697721440546,6.3610220544572424,Fridge,1.46
2025-03-26 03:00:00,234.06156706845772,7.568241472033203,Fridge,1.74
2025-03-26 04:00:00,231.5751862779031,6.635827220621288,Fridge,1.53
2025-03-26 05:00:00,229.310364497445,6.285143804973168,Fridge,1.45
2025-03-26 06:00:00,216.7993925429765,20.24948543092742,"Geyser, Fridge",4.66
2025-03-26 07:00:00,222.65162533121253,6.914173939893526,Fridge,1.59
2025-03-26 08:00:00,223.87141132659377,6.829229835428875,Fridge,1.57
2025-03-26 09:00:00,229.3655055054323,17.288084625307178,"AC, Fridge",3.98
2025-03-26 10:00:00,235.76271885945292,5.796189975814326,Fridge,1.33
2025-03-26 11:00:00,224.9626295112951,5.765515834244489,Fridge,1.33
2025-03-26 12:00:00,230.77708854741323,6.082008218604296,Fridge,1.4
2025-03-26 13:00:00,225.27580333923362,5.968985138731304,Fridge,1.37
2025-03-26 14:00:00,233.17597557599981,5.467308641927562,Fridge,1.26
2025-03-26 15:00:00,240.16703959473853,4.908148379774499,Fridge,1.13
2025-03-26 16:00:00,232.3524443456984,7.522466809454193,Fridge,1.73
2025-03-26 17:00:00,232.25753765360338,5.5693295235416045,Fridge,1.28
2025-03-26 18:00:00,226.94495901391136,24.80278805353568,"AC, Fridge, Oven",5.7
2025-03-26 19:00:00,226.7095752653797,11.777359821286788,"Fridge, TV, Computer",2.71
2025-03-26 20:00:00,230.60114686168416,6.153532958480924,Fridge,1.42
2025-03-26 21:00:00,233.59194582401028,10.227723494422817,"Fridge, TV",2.35
2025-03-26 22:00:00,217.6391387770802,13.759557433172375,"Fridge, TV, Computer",3.16
2025-03-26 23:00:00,227.3034745970733,6.956523439157609,Fridge,1.6
2025-03-27 00:00:00,227.64651562924743,6.212918742178592,Fridge,1.43
2025-03-27 01:00:00,228.1426763010529,5.142321313071312,Fridge,1.18
2025-03-27 02:00:00,229.69152147641606,5.621686556274274,Fridge,1.29
2025-03-27 03:00:00,229.64363691103748,6.31049651488748,Fridge,1.45
2025-03-27 04:00:00,227.60489607440746,5.545754501007636,Fridge,1.28
2025-03-27 05:00:00,225.8806816575738,6.07321573437701,Fridge,1.4
2025-03-27 06:00:00,232.1178804108063,19.585267976981143,"Geyser, Fridge",4.5
2025-03-27 07:00:00,226.09943055067785,6.465054962017804,"Fridge, TV",1.49
2025-03-27 08:00:00,236.37574619950294,18.124364597142808,"Geyser, Fridge",4.17
2025-03-27 09:00:00,235.10097230160616,29.304663057382776,"AC, Geyser, Fridge",6.74
2025-03-27 10:00:00,226.82634548196336,7.302952375709471,Fridge,1.68
2025-03-27 11:00:00,232.21596546364637,6.451937116803583,Fridge,1.48
2025-03-27 12:00:00,237.0406457282738,5.9499135458960675,Fridge,1.37
2025-03-27 13:00:00,226.18486939356393,6.495143435947362,Fridge,1.49
2025-03-27 14:00:00,233.502138975245,5.46221628216419,Fridge,1.26
2025-03-27 15:00:00,233.77392960664676,6.203805969194677,Fridge,1.43
2025-03-27 16:00:00,237.1710481290086,7.569401855047821,Fridge,1.74
2025-03-27 17:00:00,222.8269822375121,7.718192849005418,Fridge,1.78
2025-03-27 18:00:00,228.73687182992632,12.848206943565433,"Fridge, Oven",2.96
2025-03-27 19:00:00,224.22494951103783,16.439042027474013,"Fridge, TV, Oven",3.78
2025-03-27 20:00:00,233.39742120618124,14.17425101190239,"Fridge, Oven",3.26
2025-03-27 21:00:00,227.74628439826012,11.689838547399752,"Fridge, Oven",2.69
2025-03-27 22:00:00,232.90364715605583,9.631127653398481,"Fridge, TV",2.22
2025-03-27 23:00:00,232.30122919502537,7.119510547179519,Fridge,1.64
2025-03-28 00:00:00,223.5204962952187,6.01312686330201,Fridge,1.38
2025-03-28 01:00:00,224.63376882709895,5.934209397260954,Fridge,1.36
2025-03-28 02:00:00,219.09559260804303,7.552732416261759,Fridge,1.74
2025-03-28 03:00:00,229.36760270459644,7.5657793924654735,Fridge,1.74
2025-03-28 04:00:00,226.65209690844824,6.224123691154337,Fridge,1.43
2025-03-28 05:00:00,233.6422936164524,6.46412347484993,Fridge,1.49
2025-03-28 06:00:00,218.58373180220542,6.517393353377236,Fridge,1.5
2025-03-28 07:00:00,237.2770662261621,7.623338273870872,"Fridge, Computer",1.75
2025-03-28 08:00:00,230.04656892531096,19.692332282287968,"Geyser, Fridge, TV",4.53
2025-03-28 09:00:00,230.37887917782768,6.170067261098596,Fridge,1.42
2025-03-28 10:00:00,229.48653630665234,6.075548065006834,Fridge,1.4
2025-03-28 11:00:00,225.31945546805383,5.037427471666071,Fridge,1.16
2025-03-28 12:00:00,232.2178588464698,5.944058476689639,Fridge,1.37
2025-03-28 13:00:00,229.29003463485773,6.4065363709856795,Fridge,1.47
2025-03-28 14:00:00,229.08237481451027,6.19172218651311,Fridge,1.42
2025-03-28 15:00:00,231.01859223899874,5.571888337283049,Fridge,1.28
2025-03-28 16:00:00,223.98109650104308,5.855871061225975,Fridge,1.35
2025-03-28 17:00:00,219.75932251597928,6.4418057668767705,Fridge,1.48
2025-03-28 18:00:00,224.61462471110332,10.321992512416047,"Fridge, TV",2.37
2025-03-28 19:00:00,221.25829791028002,6.119225643134251,Fridge,1.41
2025-03-28 20:00:00,236.65360575811647,6.505439366196049,Fridge,1.5
2025-03-28 21:00:00,233.72776109208576,6.506440864472725,Fridge,1.5
2025-03-28 22:00:00,239.64773061734894,11.675324459781718,"Fridge, TV, Computer",2.69
2025-03-28 23:00:00,227.12927236363942,5.620675881826843,Fridge,1.29
2025-03-29 00:00:00,233.20855570527297,6.366854563072841,Fridge,1.46
2025-03-29 01:00:00,234.0666665071122,5.631550076266353,Fridge,1.3
2025-03-29 02:00:00,232.40899890718907,6.8737112679185985,Fridge,1.58
2025-03-29 03:00:00,232.9026160952404,6.6228775787359675,Fridge,1.52
2025-03-29 04:00:00,229.18504732610083,6.2538552469678805,Fridge,1.44
2025-03-29 05:00:00,227.67738822011148,6.483242334777114,Fridge,1.49
2025-03-29 06:00:00,232.41312504440003,18.92682383993175,"Geyser, Fridge",4.35
2025-03-29 07:00:00,233.85413501231196,7.902851603474764,"Fridge, TV",1.82
2025-03-29 08:00:00,229.92235606405538,31.885292110744945,"AC, Geyser, Fridge",7.33
2025-03-29 09:00:00,225.98922904636706,19.76993200341525,"Geyser, Fridge, TV",4.55
2025-03-29 10:00:00,226.28297414152493,5.857960083513679,Fridge,1.35
2025-03-29 11:00:00,225.04598193683316,9.837556111204888,"Fridge, Washing Machine",2.26
2025-03-29 12:00:00,227.07697651278318,5.463102075714974,Fridge,1.26
2025-03-29 13:00:00,222.94287447842035,6.507072990724204,Fridge,1.5
2025-03-29 14:00:00,221.1164287390793,11.067273426372905,"Fridge, Washing Machine",2.55
2025-03-29 15:00:00,232.61448217949507,6.296554887488095,Fridge,1.45
2025-03-29 16:00:00,229.28229182359217,6.683259135700736,Fridge,1.54
2025-03-29 17:00:00,229.5386226347261,5.93815954262388,Fridge,1.37
2025-03-29 18:00:00,241.01691290291882,12.583440139541906,"Fridge, TV, Computer",2.89
2025-03-29 19:00:00,232.65979667421544,19.845715518680084,"AC, Fridge",4.56
2025-03-29 20:00:00,242.07025865011317,9.779219402295722,"Fridge, Computer",2.25
2025-03-29 21:00:00,225.24046939567566,11.785368815942322,"Fridge, TV, Computer",2.71
2025-03-29 22:00:00,233.48342614791085,10.51735971667021,"Fridge, TV",2.42
2025-03-29 23:00:00,229.87510371069004,5.908821904656396,Fridge,1.36
2025-03-30 00:00:00,228.62455012431414,6.035916321861987,Fridge,1.39
2025-03-30 01:00:00,235.43129820858667,5.697524609783101,Fridge,1.31
2025-03-30 02:00:00,230.40784120077737,6.338408891239008,Fridge,1.46
2025-03-30 03:00:00,230.91974699738623,6.801203753276619,Fridge,1.56
2025-03-30 04:00:00,232.56617435606415,7.78020508647749,Fridge,1.79
2025-03-30 05:00:00,222.41617989913914,6.749732773928645,Fridge,1.55
2025-03-30 06:00:00,227.28222940131013,20.112837828353967,"Geyser, Fridge, Computer",4.63
2025-03-30 07:00:00,237.91395957980387,17.751346365772402,"AC, Fridge, Computer",4.08
2025-03-30 08:00:00,241.2533769887037,15.850221184068134,"AC, Fridge",3.65
2025-03-30 09:00:00,241.94244738539373,6.493564735108738,Fridge,1.49
2025-03-30 10:00:00,224.0003916948272,5.830235827236428,Fridge,1.34
2025-03-30 11:00:00,226.1866543487643,5.4445923766398,Fridge,1.25
2025-03-30 12:00:00,237.28801035973027,5.553232128749241,Fridge,1.28
2025-03-30 13:00:00,233.86496985268266,5.814728915696833,Fridge,1.34
2025-03-30 14:00:00,229.88791461980856,10.617500042722112,"Fridge, Washing Machine",2.44
2025-03-30 15:00:00,231.6188763883949,6.351318929875799,Fridge,1.46
2025-03-30 16:00:00,235.19675036577806,7.361648624842407,Fridge,1.69
2025-03-30 17:00:00,226.46080264921525,7.398750004214307,Fridge,1.7
2025-03-30 18:00:00,228.87292822986151,5.8179997742758465,Fridge,1.34
2025-03-30 19:00:00,223.48355481418665,29.92814137466348,"AC, Fridge, TV, Oven",6.88
2025-03-30 20:00:00,227.50271188070417,12.2988484248809,"Fridge, Oven",2.83
2025-03-30 21:00:00,231.55710092438474,26.32541833485459,"AC, Fridge, Oven",6.05
2025-03-30 22:00:00,234.2902606048362,12.166335323404551,"Fridge, TV, Computer",2.8
2025-03-30 23:00:00,227.0859823101345,6.463912489298124,Fridge,1.49
2025-03-31 00:00:00,226.53663086737888,7.310050400853697,Fridge,1.68
2025-03-31 01:00:00,228.2759302139155,6.565121369866904,Fridge,1.51
2025-03-31 02:00:00,219.3540457886043,6.386663057817723,Fridge,1.47
2025-03-31 03:00:00,231.9951109921643,5.790689374388877,Fridge,1.33
2025-03-31 04:00:00,229.54381653443963,5.941008210411146,Fridge,1.37
2025-03-31 05:00:00,224.02779867660382,7.103412403837575,Fridge,1.63
2025-03-31 06:00:00,236.22570051661646,6.528090696158696,Fridge,1.5
2025-03-31 07:00:00,229.0527332308373,6.3504927595424325,Fridge,1.46
2025-03-31 08:00:00,229.3488686839481,16.562312017596792,"AC, Fridge",3.81
2025-03-31 09:00:00,233.66991660075018,6.710595097905248,Fridge,1.54
2025-03-31 10:00:00,240.42632392173033,6.430475846517671,Fridge,1.48
2025-03-31 11:00:00,226.30159013753584,5.711026675058231,Fridge,1.31
2025-03-31 12:00:00,237.88203669756967,10.251788025805789,"Fridge, Washing Machine",2.36
2025-03-31 13:00:00,227.99601389186665,6.201826688933996,Fridge,1.43
2025-03-31 14:00:00,233.03823655637447,6.2789745098939,Fridge,1.44
2025-03-31 15:00:00,235.38301063306147,6.120923944388323,Fridge,1.41
2025-03-31 16:00:00,235.6158472189186,5.115974418316755,Fridge,1.18
2025-03-31 17:00:00,224.5830293867818,10.073656778740522,"Fridge, Washing Machine",2.32
2025-03-31 18:00:00,221.75055207611487,16.618503002283074,"Fridge, TV, Oven",3.82
2025-03-31 19:00:00,231.1626701642475,12.283838951098515,"Fridge, Oven",2.83
2025-03-31 20:00:00,224.67387678340714,12.97361083380346,"Fridge, TV, Computer",2.98
2025-03-31 21:00:00,232.0163694354585,18.65072532583925,"Fridge, TV, Oven",4.29
2025-03-31 22:00:00,238.2267968673686,11.740595942280088,"Fridge, TV",2.7
2025-03-31 23:00:00,226.26676143032375,5.855130838948037,Fridge,1.35
2025-04-01 00:00:00,233.91272515063156,6.2973951688762115,Fridge,1.45
2025-04-01 01:00:00,232.63411741043157,6.419670947323596,Fridge,1.48
2025-04-01 02:00:00,218.91566997572218,7.04112611772031,Fridge,1.62
2025-04-01 03:00:00,234.485691677978,5.543148358651563,Fridge,1.27
2025-04-01 04:00:00,229.1565778347116,4.62654222888234,Fridge,1.06
2025-04-01 05:00:00,219.72049247462195,5.88208308991204,Fridge,1.35
2025-04-01 06:00:00,226.54359109913335,4.4803403257506655,Fridge,1.03
2025-04-01 07:00:00,229.12547618131487,8.085364987780201,"Fridge, TV",1.86
2025-04-01 08:00:00,230.8620250807356,20.196508840791335,"Geyser, Fridge",4.65
2025-04-01 09:00:00,230.6531155766459,5.5921610528280485,"Fridge, TV",1.29
2025-04-01 10:00:00,229.35643402815248,5.763402482341558,Fridge,1.33
2025-04-01 11:00:00,231.82367368526397,6.137637875254875,Fridge,1.41
2025-04-01 12:00:00,224.41369991286516,12.16554868572531,"Fridge, Washing Machine",2.8
2025-04-01 13:00:00,219.16860766977348,6.302054396813368,Fridge,1.45
2025-04-01 14:00:00,229.6828828660535,6.172712317769952,Fridge,1.42
2025-04-01 15:00:00,213.38462215645964,5.6066818532053055,Fridge,1.29
2025-04-01 16:00:00,230.1003470937438,6.8444759166986815,Fridge,1.57
2025-04-01 17:00:00,233.84065190113458,5.859111864020145,Fridge,1.35
2025-04-01 18:00:00,236.48160668266843,7.714120091464933,Fridge,1.77
2025-04-01 19:00:00,234.79319341191956,7.018589578054871,Fridge,1.61
2025-04-01 20:00:00,230.94401048524088,11.062467548357027,"Fridge, TV",2.54
2025-04-01 21:00:00,231.053355449567,22.030646731525465,"AC, Fridge, Computer",5.07
2025-04-01 22:00:00,239.56551154908263,5.8268145983215565,Fridge,1.34
2025-04-01 23:00:00,229.00738971296772,7.0366775063536275,Fridge,1.62
2025-04-02 00:00:00,228.4000443864844,4.870882655011745,Fridge,1.12
2025-04-02 01:00:00,231.70253405777183,6.5344730225641365,Fridge,1.5
2025-04-02 02:00:00,226.597553602063,5.248734935188695,Fridge,1.21
2025-04-02 03:00:00,228.79575697525493,7.073950060856398,Fridge,1.63
2025-04-02 04:00:00,227.1994563542383,7.130833072136039,Fridge,1.64
2025-04-02 05:00:00,230.97616457307538,6.516589552194961,Fridge,1.5
2025-04-02 06:00:00,233.30689254612514,17.564294544692306,"AC, Fridge",4.04
2025-04-02 07:00:00,228.77563519524995,16.78436786044103,"AC, Fridge",3.86
2025-04-02 08:00:00,231.38417042946352,6.284527278647273,Fridge,1.45
2025-04-02 09:00:00,219.40596983226234,5.537275458688843,Fridge,1.27
2025-04-02 10:00:00,231.1438046154072,5.712760152881602,Fridge,1.31
2025-04-02 11:00:00,233.92383329863736,11.049132603320743,"Fridge, Washing Machine",2.54
2025-04-02 12:00:00,221.2249201120659,6.691299362275143,Fridge,1.54
2025-04-02 13:00:00,232.84336756435522,6.379504761230752,Fridge,1.47
2025-04-02 14:00:00,229.738758574213,7.223652788992296,Fridge,1.66
2025-04-02 15:00:00,231.5917850869668,7.163469347032787,Fridge,1.65
2025-04-02 16:00:00,235.93518241582828,6.521919956566753,Fridge,1.5
2025-04-02 17:00:00,240.26670289018028,6.182582446906037,Fridge,1.42
2025-04-02 18:00:00,231.61947843574615,16.079767083769806,"Fridge, TV, Oven",3.7
2025-04-02 19:00:00,227.6848939033864,19.85596484037658,"Fridge, TV, Computer, Oven",4.57
2025-04-02 20:00:00,223.49271951648004,24.709332723442408,"AC, Fridge, TV, Computer",5.68
2025-04-02 21:00:00,231.9609316554188,23.586958840946213,"AC, Fridge, TV",5.43
2025-04-02 22:00:00,226.7164641839176,19.53607620576395,"AC, Fridge",4.49
2025-04-02 23:00:00,233.52785329706438,6.4505489885674265,Fridge,1.48
2025-04-03 00:00:00,236.32282796827454,6.4215665722712005,Fridge,1.48
2025-04-03 01:00:00,236.47711771830342,7.883010556011559,Fridge,1.81
2025-04-03 02:00:00,223.23109707526748,6.884547273252565,Fridge,1.58
2025-04-03 03:00:00,233.95738342318032,5.640179789266659,Fridge,1.3
2025-04-03 04:00:00,225.00600114274252,5.768214259057759,Fridge,1.33
2025-04-03 05:00:00,229.47355175998393,6.173378234543477,Fridge,1.42
2025-04-03 06:00:00,235.9685329220154,7.076465886441016,Fridge,1.63
2025-04-03 07:00:00,230.02642973914973,5.834190257029505,"Fridge, TV",1.34
2025-04-03 08:00:00,221.12212808607984,18.41433705219935,"Geyser, Fridge",4.24
2025-04-03 09:00:00,237.29238870064975,6.967717595478502,Fridge,1.6
2025-04-03 10:00:00,229.95140411655765,6.274178941825182,Fridge,1.44
2025-04-03 11:00:00,225.99816200438465,5.523079250316699,Fridge,1.27
2025-04-03 12:00:00,237.78480216496376,7.410434667839301,Fridge,1.7
2025-04-03 13:00:00,217.28980988418095,7.51060643420003,Fridge,1.73
2025-04-03 14:00:00,223.31399755154487,5.473765101533878,Fridge,1.26
2025-04-03 15:00:00,221.8557113422508,6.204697844550042,Fridge,1.43
2025-04-03 16:00:00,238.944318717273,12.030100003662682,"Fridge, Washing Machine",2.77
2025-04-03 17:00:00,230.33545783442167,6.8173139660393876,Fridge,1.57
2025-04-03 18:00:00,221.53980907060497,9.455599975304295,"Fridge, TV",2.17
2025-04-03 19:00:00,227.20144599716164,7.978561340943113,"Fridge, Computer",1.84
2025-04-03 20:00:00,229.70178823016803,17.580612614397484,"Fridge, TV, Oven",4.04
2025-04-03 21:00:00,228.91340006596755,24.018391208801567,"AC, Fridge, TV",5.52
2025-04-03 22:00:00,232.33953778230557,12.866287586564061,"Fridge, TV, Computer",2.96
2025-04-03 23:00:00,227.63950050602892,7.762657828964155,Fridge,1.79
2025-04-04 00:00:00,235.40692577499206,6.124631834897399,Fridge,1.41
2025-04-04 01:00:00,231.6596308740272,6.389192863157228,Fridge,1.47
2025-04-04 02:00:00,232.62811708576083,7.338051676705209,Fridge,1.69
2025-04-04 03:00:00,221.97297074579325,6.215930107582241,Fridge,1.43
2025-04-04 04:00:00,238.08719643535693,4.970600000145902,Fridge,1.14
2025-04-04 05:00:00,232.0687635377379,6.765234767842528,Fridge,1.56
2025-04-04 06:00:00,226.2454445086606,6.869772540519047,Fridge,1.58
2025-04-04 07:00:00,242.22141114703982,16.714107215755057,"AC, Fridge, TV",3.84
2025-04-04 08:00:00,228.46266652501433,7.579039939769724,"Fridge, TV",1.74
2025-04-04 09:00:00,232.83019465252235,29.35368559380867,"AC, Geyser, Fridge",6.75
2025-04-04 10:00:00,231.93735348716686,5.17370981508634,Fridge,1.19
2025-04-04 11:00:00,235.61524156281868,5.388874083599455,Fridge,1.24
2025-04-04 12:00:00,229.40218322980735,6.874751119056639,Fridge,1.58
2025-04-04 13:00:00,222.38200931724944,6.33615919145331,Fridge,1.46
2025-04-04 14:00:00,233.409624200506,5.946116254471855,Fridge,1.37
2025-04-04 15:00:00,220.58119268789665,7.423884067067047,Fridge,1.71
2025-04-04 16:00:00,231.15243021145702,6.42818150625502,Fridge,1.48
2025-04-04 17:00:00,232.66634467524773,6.845195550723864,Fridge,1.57
2025-04-04 18:00:00,227.52611819429444,6.592805761428712,Fridge,1.52
2025-04-04 19:00:00,220.61605771835778,25.062872863525804,"AC, Fridge, Oven",5.76
2025-04-04 20:00:00,242.85425529006216,27.403437523445838,"AC, Fridge, Computer, Oven",6.3
2025-04-04 21:00:00,229.61528965558998,16.657134439050548,"Fridge, TV, Oven",3.83
2025-04-04 22:00:00,226.62534579661627,26.813823958484065,"AC, Fridge, TV, Computer",6.17
2025-04-04 23:00:00,221.11574470887481,5.045028167391301,Fridge,1.16
2025-04-05 00:00:00,239.53610785754972,7.250554244408862,Fridge,1.67
2025-04-05 01:00:00,223.0999701171977,6.599153398289631,Fridge,1.52
2025-04-05 02:00:00,243.0340007565249,7.206196879332497,Fridge,1.66
2025-04-05 03:00:00,238.55900007023774,7.465169339027269,Fridge,1.72
2025-04-05 04:00:00,235.54393636402443,6.225491076931742,Fridge,1.43
2025-04-05 05:00:00,232.52124353341182,7.130195180546824,Fridge,1.64
2025-04-05 06:00:00,228.34795678120696,19.10738165229893,"Geyser, Fridge",4.39
2025-04-05 07:00:00,238.44904138860244,21.145365744458164,"Geyser, Fridge, Computer",4.86
2025-04-05 08:00:00,221.7863211776077,5.965986294021528,Fridge,1.37
2025-04-05 09:00:00,228.39635198338422,7.070990688611168,Fridge,1.63
2025-04-05 10:00:00,230.0492406234173,6.429509693205804,Fridge,1.48
2025-04-05 11:00:00,234.31226368661484,5.180918781565208,Fridge,1.19
2025-04-05 12:00:00,229.718591263775,10.907249104973598,"Fridge, Washing Machine",2.51
2025-04-05 13:00:00,221.11838642170432,10.509311701720772,"Fridge, Washing Machine",2.42
2025-04-05 14:00:00,230.41643394133808,6.63995733841989,Fridge,1.53
2025-04-05 15:00:00,214.46920372577134,7.326192777260356,Fridge,1.69
2025-04-05 16:00:00,232.41716694858493,5.648021347374183,Fridge,1.3
2025-04-05 17:00:00,232.5587679912108,5.565509623123934,Fridge,1.28
2025-04-05 18:00:00,229.09516406110203,19.688905656898847,"AC, Fridge",4.53
2025-04-05 19:00:00,227.607150612887,26.172840121845127,"AC, Fridge, Oven",6.02
2025-04-05 20:00:00,232.48701469657172,5.994245248400611,Fridge,1.38
2025-04-05 21:00:00,234.55843742526125,24.230022998054356,"AC, Fridge, TV",5.57
2025-04-05 22:00:00,230.00432661294454,29.77361954035886,"AC, Fridge, TV, Oven",6.85
2025-04-05 23:00:00,240.91381233228358,5.283012973228246,Fridge,1.22
2025-04-06 00:00:00,228.76117540034036,6.650832080633355,Fridge,1.53
2025-04-06 01:00:00,229.27899217237706,7.1809116363168455,Fridge,1.65
2025-04-06 02:00:00,225.30213216041147,7.127289892373145,Fridge,1.64
2025-04-06 03:00:00,232.53171512839197,7.654426195031785,Fridge,1.76
2025-04-06 04:00:00,232.8133459894445,7.576688978879836,Fridge,1.74
2025-04-06 05:00:00,235.68734205069336,6.077310053129771,Fridge,1.4
2025-04-06 06:00:00,229.60904393062796,6.243222318761319,Fridge,1.44
2025-04-06 07:00:00,226.98314739403335,30.56996792455665,"AC, Geyser, Fridge",7.03
2025-04-06 08:00:00,216.31613477585842,30.66498123861699,"AC, Geyser, Fridge, TV",7.05
2025-04-06 09:00:00,233.0191701949262,6.100786873890228,Fridge,1.4
2025-04-06 10:00:00,231.20835297982345,5.663730886988763,Fridge,1.3
2025-04-06 11:00:00,230.38530524405897,5.533493272419648,Fridge,1.27
2025-04-06 12:00:00,226.86948799132713,5.344969719427846,Fridge,1.23
2025-04-06 13:00:00,233.94226182740098,5.912200969897285,Fridge,1.36
2025-04-06 14:00:00,225.49133808495273,9.558341859790605,"Fridge, Washing Machine",2.2
2025-04-06 15:00:00,228.56865006879354,6.106527664810746,Fridge,1.4
2025-04-06 16:00:00,234.7327103707305,5.2941380839445324,Fridge,1.22
2025-04-06 17:00:00,231.77050740079926,11.195522926441127,"Fridge, Washing Machine",2.57
2025-04-06 18:00:00,231.6097955369095,26.83235807489138,"AC, Fridge, TV, Computer",6.17
2025-04-06 19:00:00,229.22170839208454,6.2680754052598875,Fridge,1.44
2025-04-06 20:00:00,231.63858350881046,18.872525027373598,"AC, Fridge",4.34
2025-04-06 21:00:00,225.7776987276774,5.199508192716244,Fridge,1.2
2025-04-06 22:00:00,223.96980059210188,13.455692578484111,"Fridge, Oven",3.09
2025-04-06 23:00:00,222.42748862790458,6.20295396832895,Fridge,1.43
2025-04-07 00:00:00,229.7418878097468,7.323667709219941,Fridge,1.68
2025-04-07 01:00:00,223.04668228964346,6.827104782749749,Fridge,1.57
2025-04-07 02:00:00,231.01209241292017,7.079587743660449,Fridge,1.63
2025-04-07 03:00:00,236.1680485608928,4.69918504364118,Fridge,1.08
2025-04-07 04:00:00,225.57317158451923,6.745785998350502,Fridge,1.55
2025-04-07 05:00:00,220.60310294677117,5.662841139903578,Fridge,1.3
2025-04-07 06:00:00,226.270799430822,6.7731210261695045,"Fridge, Computer",1.56
2025-04-07 07:00:00,232.55868048178542,7.514044437990649,"Fridge, TV",1.73
2025-04-07 08:00:00,228.10713144509631,15.86984978917038,"AC, Fridge",3.65
2025-04-07 09:00:00,227.25677538116696,31.324734047261163,"AC, Geyser, Fridge",7.2
2025-04-07 10:00:00,227.47171763860257,7.679957739225133,Fridge,1.77
2025-04-07 11:00:00,229.50356075388024,5.870275069022156,Fridge,1.35
2025-04-07 12:00:00,228.99133174223704,5.676381461593603,Fridge,1.31
2025-04-07 13:00:00,219.53559210453804,5.2877592415849115,Fridge,1.22
2025-04-07 14:00:00,236.98604851761178,6.558615211228108,Fridge,1.51
2025-04-07 15:00:00,228.8960157902834,5.9786457339003665,Fridge,1.38
2025-04-07 16:00:00,223.5984530105243,6.167842530351008,Fridge,1.42
2025-04-07 17:00:00,231.46787465141014,5.842604724168517,Fridge,1.34
2025-04-07 18:00:00,227.8027537417734,24.075720898174602,"AC, Fridge, TV",5.54
2025-04-07 19:00:00,238.59169557406278,19.38404260070204,"AC, Fridge",4.46
2025-04-07 20:00:00,240.5181584011316,24.08815139415949,"AC, Fridge, TV",5.54
2025-04-07 21:00:00,217.82739206036473,8.708601029447086,"Fridge, Computer",2.0
2025-04-07 22:00:00,235.86901065579661,5.956245230355908,Fridge,1.37
2025-04-07 23:00:00,234.61230270945865,6.102815033444962,Fridge,1.4
2025-04-08 00:00:00,235.2004662873665,7.081016321064374,Fridge,1.63
2025-04-08 01:00:00,229.16748393054513,6.471623185959576,Fridge,1.49
2025-04-08 02:00:00,227.1672543072093,5.408931358648576,Fridge,1.24
2025-04-08 03:00:00,236.22867571773023,7.000960872706365,Fridge,1.61
2025-04-08 04:00:00,226.29603256503904,6.6606861428854875,Fridge,1.53
2025-04-08 05:00:00,229.90027455475723,6.731505116958997,Fridge,1.55
2025-04-08 06:00:00,229.75072937928306,29.991872079154565,"AC, Geyser, Fridge",6.9
2025-04-08 07:00:00,227.55774549099516,17.977597763263173,"AC, Fridge",4.13
2025-04-08 08:00:00,228.80486948354215,16.90074010102972,"AC, Fridge",3.89
2025-04-08 09:00:00,229.78781253775284,19.08335651479267,"Geyser, Fridge",4.39
2025-04-08 10:00:00,222.57482316707066,11.21900032442168,"Fridge, Washing Machine",2.58
2025-04-08 11:00:00,230.37102906897823,6.629450774154434,Fridge,1.52
2025-04-08 12:00:00,223.6386005868192,5.182891458194537,Fridge,1.19
2025-04-08 13:00:00,230.10682940375793,6.18524035825658,Fridge,1.42
2025-04-08 14:00:00,226.24796441470482,6.245018366777003,Fridge,1.44
2025-04-08 15:00:00,230.59722791064394,7.622977042744519,Fridge,1.75
2025-04-08 16:00:00,231.65246066639563,7.431478312352274,Fridge,1.71
2025-04-08 17:00:00,235.93508999398756,6.75357481884512,Fridge,1.55
2025-04-08 18:00:00,219.02441523917568,9.606696662647773,"Fridge, TV",2.21
2025-04-08 19:00:00,229.28211616063797,8.048283825408943,"Fridge, Computer",1.85
2025-04-08 20:00:00,232.17984874919884,16.425035301121177,"Fridge, TV, Oven",3.78
2025-04-08 21:00:00,238.69171273942945,15.715008680271044,"Fridge, TV, Oven",3.61
2025-04-08 22:00:00,230.16537781365525,17.322787801484292,"Fridge, TV, Oven",3.98
2025-04-08 23:00:00,224.9216299205958,6.310669526130928,Fridge,1.45
2025-04-09 00:00:00,231.59033922256694,6.718142698096699,Fridge,1.55
